id,file,path,kind,role,description_ru,bpm,key,bars,root_note,duration_s,sample_rate,bit_depth,channels,destination,not_destination,related,peak_dbfs,true_peak_dbfs_4x,source,sha256
D01,D01_DeepShortKick.wav,AUDIO/01_Drums/D01_DeepShortKick.wav,one_shot,Drums,Короткий плотный синтетический kick; не длинный басовый дроп.,,,,,0.65,48000,24,1,Studio Audio track / local DAW Audio track,"Not a Wavetable preset, not a Voice profile. WAV on MIDI can trigger transcription.",,-7.0,-6.99,original_procedural_synthesis,f891e079e606c838968807355c6deeb81d17b3910912ee6a66e45336cfd3d39c
D02,D02_DryBodySnare.wav,AUDIO/01_Drums/D02_DryBodySnare.wav,one_shot,Drums,Сухой snare с телом и коротким шумовым хвостом.,,,,,0.45,48000,24,1,Studio Audio track / local DAW Audio track,"Not a Wavetable preset, not a Voice profile. WAV on MIDI can trigger transcription.",,-7.0,-6.27,original_procedural_synthesis,d4042603181ee75d3114831433f677ba737de78f6e1fc3429677e110712690bd
D03,D03_SkinRim.wav,AUDIO/01_Drums/D03_SkinRim.wav,one_shot,Drums,"Узкий rim-акцент; заполнять редкие паузы, не весь ритм.",,,,,0.22,48000,24,1,Studio Audio track / local DAW Audio track,"Not a Wavetable preset, not a Voice profile. WAV on MIDI can trigger transcription.",,-7.0,-6.99,original_procedural_synthesis,e69abe7c96dedb30f2d1187e263549c4d8f940e6808cb1e65d81d30a3a1f8cc4
D04,D04_ClosedSteelHat.wav,AUDIO/01_Drums/D04_ClosedSteelHat.wav,one_shot,Drums,Короткий закрытый hat.,,,,,0.13,48000,24,1,Studio Audio track / local DAW Audio track,"Not a Wavetable preset, not a Voice profile. WAV on MIDI can trigger transcription.",,-7.0,-5.11,original_procedural_synthesis,3553797f50df6448bdcfa973138438b17d452ba13c9128c5c04042ce5cdb96c1
D05,D05_OpenDustHat.wav,AUDIO/01_Drums/D05_OpenDustHat.wav,one_shot,Drums,Умеренно длинный пыльный hat.,,,,,0.48,48000,24,1,Studio Audio track / local DAW Audio track,"Not a Wavetable preset, not a Voice profile. WAV on MIDI can trigger transcription.",,-7.0,-6.32,original_procedural_synthesis,27de2b0c2b75f006c3c0f37532f3af8998ee8b78b56385b947114e4cb6058636
D06,D06_SoftShake.wav,AUDIO/01_Drums/D06_SoftShake.wav,one_shot,Drums,Лёгкий шумовой shaker-акцент.,,,,,0.22,48000,24,1,Studio Audio track / local DAW Audio track,"Not a Wavetable preset, not a Voice profile. WAV on MIDI can trigger transcription.",,-7.0,-6.56,original_procedural_synthesis,a661be9472a6a467039de6bae92ac9b29c6e69d55cfbc732840a596632fc48f7
D07,D07_BrokenClap.wav,AUDIO/01_Drums/D07_BrokenClap.wav,one_shot,Drums,Небольшой расслаивающийся clap; не стадионный хлопок.,,,,,0.38,48000,24,1,Studio Audio track / local DAW Audio track,"Not a Wavetable preset, not a Voice profile. WAV on MIDI can trigger transcription.",,-7.0,-6.99,original_procedural_synthesis,025895d2b5ea33f34f989dc9062967191e5f1f2df2be8376d03201f6cf47aff5
D08,D08_LowOrganicTom.wav,AUDIO/01_Drums/D08_LowOrganicTom.wav,one_shot,Drums,Низкий синтетический tom с короткой мягкой атакой.,,,,,0.6,48000,24,1,Studio Audio track / local DAW Audio track,"Not a Wavetable preset, not a Voice profile. WAV on MIDI can trigger transcription.",,-7.0,-6.99,original_procedural_synthesis,9d95eda7e599764fc2be6a15f715af18c4133f18c28a5e0ea5fc486005025382
D09,D09_ThinWoodKnock.wav,AUDIO/01_Drums/D09_ThinWoodKnock.wav,one_shot,Percussion,Синтезированный wood-like knock. Это не живая field recording.,,,,,0.22,48000,24,1,Studio Audio track / local DAW Audio track,"Not a Wavetable preset, not a Voice profile. WAV on MIDI can trigger transcription.",,-7.0,-6.99,original_procedural_synthesis,78d86ae61def99fe94853bb2cadfb84a389c71c1fc7b5d6d307be945daaf9e29
D10,D10_MetalRimTick.wav,AUDIO/01_Drums/D10_MetalRimTick.wav,one_shot,Percussion,Тонкий металлический tick для междолевых акцентов.,,,,,0.25,48000,24,1,Studio Audio track / local DAW Audio track,"Not a Wavetable preset, not a Voice profile. WAV on MIDI can trigger transcription.",,-7.0,-6.92,original_procedural_synthesis,199027920acab48d7979b1e8007c2fa8aafd1d4aaf33de49342484245f4b1cd0
D11,D11_BrushScrape.wav,AUDIO/01_Drums/D11_BrushScrape.wav,one_shot,Percussion,Синтетический короткий шорох; располагать в паузах вокала.,,,,,0.7,48000,24,1,Studio Audio track / local DAW Audio track,"Not a Wavetable preset, not a Voice profile. WAV on MIDI can trigger transcription.",,-7.0,-6.99,original_procedural_synthesis,07c9b75dd64c2716d1c1108b00a74cd86d12652440f02d439caddd8a6ee5f820
D12,D12_MutedThud.wav,AUDIO/01_Drums/D12_MutedThud.wav,one_shot,Percussion,Приглушённый тактильный удар без большого сабового хвоста.,,,,,0.45,48000,24,1,Studio Audio track / local DAW Audio track,"Not a Wavetable preset, not a Voice profile. WAV on MIDI can trigger transcription.",,-7.0,-6.99,original_procedural_synthesis,d2fc8abcbb22013bbcd6d6096a13e8dd7d99ce7798da4b6bb2ef9cc0d47d4a5c
F01,F01_RelayClick.wav,AUDIO/02_Electric_FX/F01_RelayClick.wav,one_shot,FX,Короткий relay click для механического рисунка.,,,,,0.2,48000,24,1,Studio Audio track / local DAW Audio track,"Not a Wavetable preset, not a Voice profile. WAV on MIDI can trigger transcription.",,-7.0,-6.88,original_procedural_synthesis,5be2683afb96aec064c8df48311979f7e29a677d7007fdd54003fe5cf1e315f4
F02,F02_ElectricalCrack.wav,AUDIO/02_Electric_FX/F02_ElectricalCrack.wav,one_shot,FX,Хлёсткий короткий электрический crack без голоса и ритма.,,,,,0.42,48000,24,1,Studio Audio track / local DAW Audio track,"Not a Wavetable preset, not a Voice profile. WAV on MIDI can trigger transcription.",,-7.0,-6.4,original_procedural_synthesis,41bba078598a42c7630cd88e31478ae031e52bcd7ecdf94ebe9e6c53772d539b
F03,F03_RatchetBurst.wav,AUDIO/02_Electric_FX/F03_RatchetBurst.wav,one_shot,FX,"Неровная цепочка relay-щелчков; одиночный жест, не музыкальный луп.",,,,,0.75,48000,24,1,Studio Audio track / local DAW Audio track,"Not a Wavetable preset, not a Voice profile. WAV on MIDI can trigger transcription.",,-7.0,-6.86,original_procedural_synthesis,713a98ad4527853c895c51a43bb47d9b2fd5d580f390263120cd2537e7a4899a
F04,F04_WireScrape.wav,AUDIO/02_Electric_FX/F04_WireScrape.wav,one_shot,FX,Шероховатый wire-like scrape с меняющейся окраской.,,,,,1.3,48000,24,1,Studio Audio track / local DAW Audio track,"Not a Wavetable preset, not a Voice profile. WAV on MIDI can trigger transcription.",,-7.0,-6.99,original_procedural_synthesis,ac95f71521560ea98107889544853d4fee9fc738aa556783d362a106694d0634
F05,F05_BandlimitedSpark.wav,AUDIO/02_Electric_FX/F05_BandlimitedSpark.wav,one_shot,FX,Искристый ограниченный по полосе шумовой акцент.,,,,,0.55,48000,24,1,Studio Audio track / local DAW Audio track,"Not a Wavetable preset, not a Voice profile. WAV on MIDI can trigger transcription.",,-7.0,-6.99,original_procedural_synthesis,f10bce1f567a18709b75b955befac2e6d64c7b9613c95c2d9992878327b108b1
F06,F06_ShortCircuitStutter.wav,AUDIO/02_Electric_FX/F06_ShortCircuitStutter.wav,one_shot,FX,Один рваный электрический stutter; не обещает попадание в любую сетку.,,,,,1.25,48000,24,1,Studio Audio track / local DAW Audio track,"Not a Wavetable preset, not a Voice profile. WAV on MIDI can trigger transcription.",,-7.0,-6.6,original_procedural_synthesis,4298e6453e7c91ce94679cc6d13d15d47ba7ac3f16231e73b521670c23c15c9b
F07,F07_ReverseMetalSwell.wav,AUDIO/02_Electric_FX/F07_ReverseMetalSwell.wav,one_shot,FX,Обратный металлический подвод к событию; окончание совместить со стыком.,,,,,2.0,48000,24,1,Studio Audio track / local DAW Audio track,"Not a Wavetable preset, not a Voice profile. WAV on MIDI can trigger transcription.",,-7.0,-6.99,original_procedural_synthesis,f8c81cc2924d50e9853bf9f0cbca08c23626a9406bfad6027de95539da8a473c
F08,F08_CableResonance.wav,AUDIO/02_Electric_FX/F08_CableResonance.wav,one_shot,FX,"Резонансный кабельный жест; материал синтезирован, не записан в поле.",,,,,1.6,48000,24,1,Studio Audio track / local DAW Audio track,"Not a Wavetable preset, not a Voice profile. WAV on MIDI can trigger transcription.",,-7.0,-6.99,original_procedural_synthesis,559303238f9c4e66524bea20205e629314cfc8e6f4314e06196604fda1083753
F09,F09_StaticDropout.wav,AUDIO/02_Electric_FX/F09_StaticDropout.wav,one_shot,FX,"Шумовая текстура с провалами; содержит намеренные dropout, не дефект файла.",,,,,1.4,48000,24,1,Studio Audio track / local DAW Audio track,"Not a Wavetable preset, not a Voice profile. WAV on MIDI can trigger transcription.",,-7.0,-6.65,original_procedural_synthesis,4b6d034543c32b6f6d606c8594bce45364a5bac4ff52dc4de218041d7e00f2f0
F10,F10_AirShiver.wav,AUDIO/02_Electric_FX/F10_AirShiver.wav,one_shot,FX,Воздушная синтетическая дрожь. Не человеческий вдох и не вокал.,,,,,2.5,48000,24,1,Studio Audio track / local DAW Audio track,"Not a Wavetable preset, not a Voice profile. WAV on MIDI can trigger transcription.",,-7.0,-6.74,original_procedural_synthesis,833bc3fc733ca985d0d04f3d7b08060608b44a102ba91e239aff4222b011ab83
F11,F11_SubImpact_D1.wav,AUDIO/02_Electric_FX/F11_SubImpact_D1.wav,one_shot,FX,Низкий D1 impact; не накладывать без проверки на саб и kick.,,,,D1,1.2,48000,24,1,Studio Audio track / local DAW Audio track,"Not a Wavetable preset, not a Voice profile. WAV on MIDI can trigger transcription.",,-7.0,-6.99,original_procedural_synthesis,e031ac653cc11b6b1ed6ee5a3080e31b65e99029daa3f19c629f50e21eeb90d5
F12,F12_TapeStopGesture.wav,AUDIO/02_Electric_FX/F12_TapeStopGesture.wav,one_shot,FX,Синтетическое замедление высоты для конца фразы; не реальная лента.,,,,,1.1,48000,24,1,Studio Audio track / local DAW Audio track,"Not a Wavetable preset, not a Voice profile. WAV on MIDI can trigger transcription.",,-7.0,-6.99,original_procedural_synthesis,c72c9b37b1bd2b6fc4bbeb1bd7a8b1373e5f81b69273ef5ad4ae8f6ed327bc39
L01,L01_Drums_Broken_96_4bars.wav,AUDIO/04_Loops/L01_Drums_Broken_96_4bars.wav,loop,Drums,Изолированный broken-drum loop; соответствует M09.,96,,4,,10.0,48000,24,1,Studio Audio track / local DAW Audio track,"Not a Wavetable preset, not a Voice profile. WAV on MIDI can trigger transcription.",M09 | D01 | D02 | D04,-7.0,-6.96,original_procedural_synthesis,dc2dd5eb433a74bf7cf115fff264a88e21c700f68505f3a2531c8171a19ca5e5
L02,L02_Perc_Machine_96_4bars.wav,AUDIO/04_Loops/L02_Perc_Machine_96_4bars.wav,loop,Percussion,Редкий механический слой без гармонии; соответствует M10.,96,,4,,10.0,48000,24,2,Studio Audio track / local DAW Audio track,"Not a Wavetable preset, not a Voice profile. WAV on MIDI can trigger transcription.",M10 | F01 | D10 | D09,-7.0,-6.99,original_procedural_synthesis,655a4ef79e68562dde8a1679b8fd47c1609add5a6769c5b42d7d596ebb895ab1
L03,L03_Sub_Dm_96_8bars.wav,AUDIO/04_Loops/L03_Sub_Dm_96_8bars.wav,loop,Bass,Восемь тактов bass-only. MIDI M02 сохраняет редактируемые ноты.,96,D minor,8,,20.0,48000,24,1,Studio Audio track / local DAW Audio track,"Not a Wavetable preset, not a Voice profile. WAV on MIDI can trigger transcription.",M02 | R01,-7.0,-6.99,original_procedural_synthesis,0081e27afb4271b65364048d51ecf64ed9769de01dbfe1df7159bd56f9f48355
L04,L04_Tines_Dm_96_8bars.wav,AUDIO/04_Loops/L04_Tines_Dm_96_8bars.wav,loop,Keys,Восемь тактов изолированных synthetic tines. НЕ гитара и не акустический рояль.,96,D minor,8,,20.0,48000,24,2,Studio Audio track / local DAW Audio track,"Not a Wavetable preset, not a Voice profile. WAV on MIDI can trigger transcription.",M01 | R03,-7.0,-6.99,original_procedural_synthesis,5994cb4ac5322a628ed92542d09a30a751e3829f2466e3daac4282688abae75a
L05,L05_Pad_Thin_Dm_96_4bars.wav,AUDIO/04_Loops/L05_Pad_Thin_Dm_96_4bars.wav,loop,Pad,Тонкая верхняя подложка для пары Dm/Bb.,96,D minor,4,,10.0,48000,24,2,Studio Audio track / local DAW Audio track,"Not a Wavetable preset, not a Voice profile. WAV on MIDI can trigger transcription.",M06 | R04,-7.0,-6.99,original_procedural_synthesis,99c5a382abbc12fdf73bbaffad410a29ed94460325e18fc8a8c5e529488393b0
L06,L06_ElectricalBed_96_4bars.wav,AUDIO/04_Loops/L06_ElectricalBed_96_4bars.wav,loop,FX,Редкие электрические события на сетке96; без нотного ансамбля.,96,,4,,10.0,48000,24,2,Studio Audio track / local DAW Audio track,"Not a Wavetable preset, not a Voice profile. WAV on MIDI can trigger transcription.",F01 | F02 | F04 | F10,-7.0,-6.85,original_procedural_synthesis,56281efee8d3c5a20a576c6f28dea9218df40d24703b100b749083f08d03179d
L07,L07_Drums_Organic_90_4bars.wav,AUDIO/04_Loops/L07_Drums_Organic_90_4bars.wav,loop,Drums,"Более лёгкий organic-пульс90, без trap rolls.",90,,4,,10.666667,48000,24,1,Studio Audio track / local DAW Audio track,"Not a Wavetable preset, not a Voice profile. WAV on MIDI can trigger transcription.",D12 | D03 | D06,-7.0,-6.99,original_procedural_synthesis,c5d0468104e7a9fbea3111880a6d2e10f1cccdd28c22ba0d62d28b37a8e39735
L08,L08_Sub_Em_102_4bars.wav,AUDIO/04_Loops/L08_Sub_Em_102_4bars.wav,loop,Bass,Четырёхтактовый bass-only Em/C/D/B.,102,E minor,4,,9.411771,48000,24,1,Studio Audio track / local DAW Audio track,"Not a Wavetable preset, not a Voice profile. WAV on MIDI can trigger transcription.",M04 | R01,-7.0,-6.99,original_procedural_synthesis,174ff72bb11d31193539d93ad602ad9edda9b9cac304a886f54ae6e8cc7b5c2c
L09,L09_Keys_Em_102_4bars.wav,AUDIO/04_Loops/L09_Keys_Em_102_4bars.wav,loop,Keys,Synthetic electric keys для альтернативного indie; пара к M03.,102,E minor,4,,9.411771,48000,24,2,Studio Audio track / local DAW Audio track,"Not a Wavetable preset, not a Voice profile. WAV on MIDI can trigger transcription.",M03 | R03,-7.0,-6.99,original_procedural_synthesis,48711a6d6a62987d23cb2cb44ecbd18cbd93d1907213d52d973c4942ad8be26c
L10,L10_SyntheticString_Em_102_4bars.wav,AUDIO/04_Loops/L10_SyntheticString_Em_102_4bars.wav,loop,Synth string,"Синтетическая щипковая контрлиния, не живая гитарная запись.",102,E minor,4,,9.411771,48000,24,2,Studio Audio track / local DAW Audio track,"Not a Wavetable preset, not a Voice profile. WAV on MIDI can trigger transcription.",M07 | N09,-7.0,-6.99,original_procedural_synthesis,a7aa7333ec6cecb26010c44aad4c287f12b6a17285dca7b42a2c4655ddf15ae4
L11,L11_Glass_Fsm_100_4bars.wav,AUDIO/04_Loops/L11_Glass_Fsm_100_4bars.wav,loop,Keys,Хрупкая glass-палитра F#m/D/E/C#.,100,F-sharp minor,4,,9.6,48000,24,2,Studio Audio track / local DAW Audio track,"Not a Wavetable preset, not a Voice profile. WAV on MIDI can trigger transcription.",M05 | M11 | R04,-7.0,-6.99,original_procedural_synthesis,66d046faf8a859c8573132b04641f8469a2c97b77adc6b35c86486d8b6fe131b
L12,L12_Perc_Omissions_100_4bars.wav,AUDIO/04_Loops/L12_Perc_Omissions_100_4bars.wav,loop,Percussion,Сетка100 с намеренными пропусками; не готовая полная drum-section.,100,,4,,9.6,48000,24,2,Studio Audio track / local DAW Audio track,"Not a Wavetable preset, not a Voice profile. WAV on MIDI can trigger transcription.",D08 | D09 | D10,-7.0,-6.99,original_procedural_synthesis,93a659ecbffe8917583a6425266acfbbd3569e2d272ed5fa9faec342a71993b5
M01,M01_Keys_Dm_96_8bars.mid,MIDI/M01_Keys_Dm_96_8bars.mid,midi,Keys,Редкие Dm(add9)/Bbmaj7/Gm(add9)/Asus4/A voicings; пара к L04. C-sharp в финальном A намеренный.,96,D minor,8,,20.0,,,,Studio MIDI track + Wavetable / external DAW MIDI instrument,Not an Audio WAV clip or FX preset. MIDI has no stored sound.,L04 | R03,,,original_composed_midi,8b28b451391164cb9b024127853921d6e23f643ff32cbf905334a42501b03046
M02,M02_Bass_Dm_96_8bars.mid,MIDI/M02_Bass_Dm_96_8bars.mid,midi,Bass,Монофонический бас к M01; пара к L03.,96,D minor,8,,20.0,,,,Studio MIDI track + Wavetable / external DAW MIDI instrument,Not an Audio WAV clip or FX preset. MIDI has no stored sound.,L03 | R01,,,original_composed_midi,735531476193b59a526f699718273795b39cc379d1aa6e7f8876176a471e3434
M03,M03_Keys_Em_102_4bars.mid,MIDI/M03_Keys_Em_102_4bars.mid,midi,Keys,Разреженные клавишные Em/Cmaj7/D/B для альтернативного indie.,102,E minor,4,,9.41176,,,,Studio MIDI track + Wavetable / external DAW MIDI instrument,Not an Audio WAV clip or FX preset. MIDI has no stored sound.,L09 | R03,,,original_composed_midi,ec21bab8c0095dc743e103d255ec2dcd56e6045befa4a4dfd78aaadbd89e2bee
M04,M04_Bass_Em_102_4bars.mid,MIDI/M04_Bass_Em_102_4bars.mid,midi,Bass,Опорный бас Em-палитры; B как доминанта содержит D-sharp в keys.,102,E minor,4,,9.41176,,,,Studio MIDI track + Wavetable / external DAW MIDI instrument,Not an Audio WAV clip or FX preset. MIDI has no stored sound.,L08 | R01,,,original_composed_midi,3f8253b1b029914c8470db09f691243ddc96ec200f62c4af28506ed98492e319
M05,M05_GlassChords_Fsm_100_4bars.mid,MIDI/M05_GlassChords_Fsm_100_4bars.mid,midi,Keys,Стеклянная F-sharp minor-палитра: F#m/D/E/C#.,100,F-sharp minor,4,,9.6,,,,Studio MIDI track + Wavetable / external DAW MIDI instrument,Not an Audio WAV clip or FX preset. MIDI has no stored sound.,L11 | R04,,,original_composed_midi,f31e15bea8326f94cabe29c6b6980e29bcb2cb80f238e20ec0cf6704c5cceb38
M06,M06_Pad_Dm_96_4bars.mid,MIDI/M06_Pad_Dm_96_4bars.mid,midi,Pad,"Верхняя подложка Dm/Bb, без басового регистра.",96,D minor,4,,10.0,,,,Studio MIDI track + Wavetable / external DAW MIDI instrument,Not an Audio WAV clip or FX preset. MIDI has no stored sound.,L05 | R04,,,original_composed_midi,81fb61a63c6d5505e261f8a0d96ea2e7f5a8db20952c9d9678c9b2c6b97c293b
M07,M07_StringCounter_Em_102_4bars.mid,MIDI/M07_StringCounter_Em_102_4bars.mid,midi,Synth string,Контрлиния для синтетического щипкового тембра; это не запись гитариста.,102,E minor,4,,9.41176,,,,Studio MIDI track + Wavetable / external DAW MIDI instrument,Not an Audio WAV clip or FX preset. MIDI has no stored sound.,L10 | N09,,,original_composed_midi,de1a37eace25125259d309c6c067e829dac2e5b78b9d40651f6f4439b702293d
M08,M08_SparseMotif_Dm_96_4bars.mid,MIDI/M08_SparseMotif_Dm_96_4bars.mid,midi,Lead,Небольшой высокий мотив в паузах; не конкурировать с голосом.,96,D minor,4,,10.0,,,,Studio MIDI track + Wavetable / external DAW MIDI instrument,Not an Audio WAV clip or FX preset. MIDI has no stored sound.,N06 | R03,,,original_composed_midi,daeb33e5a16d246e97dd64f2275554cf332e8bf40d91df5de3df1c6cbea969cb
M09,M09_Drums_GM_96_4bars.mid,MIDI/M09_Drums_GM_96_4bars.mid,gm_drum_midi,Drums,GM channel 10. Kick36/snare38/hat42. Не проигрывать обычным Wavetable как готовый kit.,96,,4,,10.0,,,,External DAW + mapped drum sampler only,Default Wavetable is NOT a GM drum kit; use paired WAV loop in Suno.,L01 | D01 | D02 | D04 | R10,,,original_composed_midi,96368d75f4a4c13d74ddc8d62f807e33b3d067c9e03d838f4e750d1d8146eb60
M10,M10_Percussion_Map_96_4bars.mid,MIDI/M10_Percussion_Map_96_4bars.mid,gm_drum_midi,Percussion,"Channel10: 75→F01,37→D10,76→D09. Пользовательское сопоставление в DAW обязательно.",96,,4,,10.0,,,,External DAW + mapped drum sampler only,Default Wavetable is NOT a GM drum kit; use paired WAV loop in Suno.,L02 | R10,,,original_composed_midi,0ad12a783058dfaaaf294eb25f2560d20253fe5e173b0874834bd8e9cd0447f9
M11,M11_Sub_Fsm_100_4bars.mid,MIDI/M11_Sub_Fsm_100_4bars.mid,midi,Bass,Низкая опора для F-sharp minor; для тихих динамиков добавить умеренные гармоники.,100,F-sharp minor,4,,9.6,,,,Studio MIDI track + Wavetable / external DAW MIDI instrument,Not an Audio WAV clip or FX preset. MIDI has no stored sound.,N03 | L11 | R01,,,original_composed_midi,3e77f3249add0619dcf6d48cdf2b51bec255c0a5a4b8cb68fb57de7824445258
M12,M12_GlassArp_Dm_96_4bars.mid,MIDI/M12_GlassArp_Dm_96_4bars.mid,midi,Keys,Разреженный glass-arp; точный рисунок можно менять в piano roll.,96,D minor,4,,10.0,,,,Studio MIDI track + Wavetable / external DAW MIDI instrument,Not an Audio WAV clip or FX preset. MIDI has no stored sound.,N06 | R04,,,original_composed_midi,70dd5f9f11aac1d3750219f93ab51272f8a2d54d3d322bfd5ef14bb12f0e4180
N01,N01_Sub_D2.wav,AUDIO/03_Pitched_OneShots/N01_Sub_D2.wav,one_shot,Bass,"Одиночная синтезированная нота D2; менять высоту осмысленно, не путать с аккордовым лупом.",,,,D2,1.01,48000,24,1,Studio Audio track / local DAW Audio track,"Not a Wavetable preset, not a Voice profile. WAV on MIDI can trigger transcription.",R01,-7.0,-6.99,original_procedural_synthesis,b3043241561ecc533df259bbc8c688a66a384bca111b9984b061ee708618e992
N02,N02_Sub_E2.wav,AUDIO/03_Pitched_OneShots/N02_Sub_E2.wav,one_shot,Bass,"Одиночная синтезированная нота E2; менять высоту осмысленно, не путать с аккордовым лупом.",,,,E2,1.01,48000,24,1,Studio Audio track / local DAW Audio track,"Not a Wavetable preset, not a Voice profile. WAV on MIDI can trigger transcription.",R01,-7.0,-6.99,original_procedural_synthesis,17305430784dbe0b5e03cd43f6b355f4ddf6d0debaa4fe771be781590afa1b46
N03,N03_Sub_Fsharp1.wav,AUDIO/03_Pitched_OneShots/N03_Sub_Fsharp1.wav,one_shot,Bass,"Одиночная синтезированная нота Fsharp1; менять высоту осмысленно, не путать с аккордовым лупом.",,,,Fsharp1,1.21,48000,24,1,Studio Audio track / local DAW Audio track,"Not a Wavetable preset, not a Voice profile. WAV on MIDI can trigger transcription.",R01,-7.0,-6.99,original_procedural_synthesis,f67ed8efbad094986cdecc3b5627d2b7c088a179cdbc7f5588d67ee5b6bb62cb
N04,N04_Sub_A1.wav,AUDIO/03_Pitched_OneShots/N04_Sub_A1.wav,one_shot,Bass,"Одиночная синтезированная нота A1; менять высоту осмысленно, не путать с аккордовым лупом.",,,,A1,1.01,48000,24,1,Studio Audio track / local DAW Audio track,"Not a Wavetable preset, not a Voice profile. WAV on MIDI can trigger transcription.",R01,-7.0,-6.99,original_procedural_synthesis,b7140c0ae7c4518b1144199c8602f4ad169cf4fea2ef00c2619cdb852173f2d0
N05,N05_Tine_D4.wav,AUDIO/03_Pitched_OneShots/N05_Tine_D4.wav,one_shot,Keys,"Одиночная синтезированная нота D4; менять высоту осмысленно, не путать с аккордовым лупом.",,,,D4,2.08,48000,24,1,Studio Audio track / local DAW Audio track,"Not a Wavetable preset, not a Voice profile. WAV on MIDI can trigger transcription.",R03,-7.0,-6.99,original_procedural_synthesis,b44fe26c1c88beb900e51767fbba286d3461440cb2e6ade2a4daccc3ff33e88a
N06,N06_Glass_A4.wav,AUDIO/03_Pitched_OneShots/N06_Glass_A4.wav,one_shot,Keys,"Одиночная синтезированная нота A4; менять высоту осмысленно, не путать с аккордовым лупом.",,,,A4,2.8,48000,24,1,Studio Audio track / local DAW Audio track,"Not a Wavetable preset, not a Voice profile. WAV on MIDI can trigger transcription.",R03,-7.0,-6.98,original_procedural_synthesis,554776b0a32fa7579040e62bb5cd1187236daaa276eb1b03445c21f2042da319
N07,N07_MutedKey_E4.wav,AUDIO/03_Pitched_OneShots/N07_MutedKey_E4.wav,one_shot,Keys,"Одиночная синтезированная нота E4; менять высоту осмысленно, не путать с аккордовым лупом.",,,,E4,1.63,48000,24,1,Studio Audio track / local DAW Audio track,"Not a Wavetable preset, not a Voice profile. WAV on MIDI can trigger transcription.",R03,-7.0,-6.98,original_procedural_synthesis,a12791ec19750404d31233b27c426f001e4095075d38be1aa1bae2c0131b1ed4
N08,N08_MetalTone_D3.wav,AUDIO/03_Pitched_OneShots/N08_MetalTone_D3.wav,one_shot,Keys,"Одиночная синтезированная нота D3; менять высоту осмысленно, не путать с аккордовым лупом.",,,,D3,2.05,48000,24,1,Studio Audio track / local DAW Audio track,"Not a Wavetable preset, not a Voice profile. WAV on MIDI can trigger transcription.",R03,-7.0,-6.99,original_procedural_synthesis,5ffcc2b219aa59f7f877c354e8bc25391b9f6c828dc242759d055274c207cb6a
N09,N09_SyntheticString_E3.wav,AUDIO/03_Pitched_OneShots/N09_SyntheticString_E3.wav,one_shot,Synth string,"Одиночная синтезированная нота E3; менять высоту осмысленно, не путать с аккордовым лупом.",,,,E3,1.5,48000,24,1,Studio Audio track / local DAW Audio track,"Not a Wavetable preset, not a Voice profile. WAV on MIDI can trigger transcription.",R03,-7.0,-6.99,original_procedural_synthesis,2d0c4602255d2356da8839fd848ad5b846c3dfd71c11777f1efa2544dde042ef
R01,R01_Wavetable_Clean_Sub.txt,RECIPES/R01_Wavetable_Clean_Sub.txt,recipe,Bass,ЗАЧЕМ: устойчивый моно-саб; не менять уже написанные ноты.,,,,,,,,,Read recipe; apply in the specified UI. NOT importable as audio/MIDI/plugin preset.,Never drag this TXT into a WAV/MIDI/Wavetable/VST/Voice slot.,M02 | M04 | M11 | L03,,,authored_workflow_recipe,acc2117de7e3ab075d44ba93f5bd55885eee28218ab16a61117ebb4be293a56f
R02,R02_Wavetable_Bass_Edge.txt,RECIPES/R02_Wavetable_Bass_Edge.txt,recipe,Bass,ЗАЧЕМ: электрическая агрессия в середине при устойчивом чистом сабе.,,,,,,,,,Read recipe; apply in the specified UI. NOT importable as audio/MIDI/plugin preset.,Never drag this TXT into a WAV/MIDI/Wavetable/VST/Voice slot.,M02 | N01,,,authored_workflow_recipe,196a4ef415c6b0d7040c5981a4155fc1be473b7c9cc16f76206136f498f2ea55
R03,R03_Wavetable_Synthetic_Keys.txt,RECIPES/R03_Wavetable_Synthetic_Keys.txt,recipe,Keys,ЗАЧЕМ: синтетические electric keys вместо случайной гитары в аудиогенерации.,,,,,,,,,Read recipe; apply in the specified UI. NOT importable as audio/MIDI/plugin preset.,Never drag this TXT into a WAV/MIDI/Wavetable/VST/Voice slot.,M01 | M03 | M08 | L04 | L09,,,authored_workflow_recipe,023309aaaa2d5c7d96cdbd532ad7641ad87d2925c9aacdc76bd826bf2b90b3bc
R04,R04_Wavetable_Glass_Pad.txt,RECIPES/R04_Wavetable_Glass_Pad.txt,recipe,Pad,"ЗАЧЕМ: хрупкая верхняя фактура, не мешающая сабу и русским согласным.",,,,,,,,,Read recipe; apply in the specified UI. NOT importable as audio/MIDI/plugin preset.,Never drag this TXT into a WAV/MIDI/Wavetable/VST/Voice slot.,M05 | M06 | M12 | L05 | L11,,,authored_workflow_recipe,fd12b43a7c08872bd8de321dd9c7068149eb5ad66ebafb1b3696766916a5a4e7
R05,R05_Studio_Electric_Perc_FX.txt,RECIPES/R05_Studio_Electric_Perc_FX.txt,recipe,FX,ЗАЧЕМ: усилить электрическую фактуру без новой музыкальной генерации.,,,,,,,,,Read recipe; apply in the specified UI. NOT importable as audio/MIDI/plugin preset.,Never drag this TXT into a WAV/MIDI/Wavetable/VST/Voice slot.,L02 | L06 | F02 | F03,,,authored_workflow_recipe,e4fbe551aedb8ac92efc65259a901aad822862f769b90b287b8f2b8981056001
R06,R06_Own_Voice_Studio_Clarity.txt,RECIPES/R06_Own_Voice_Studio_Clarity.txt,recipe,Vocals,"ЗАЧЕМ: сведение, а не подмена личности певца.",,,,,,,,,Read recipe; apply in the specified UI. NOT importable as audio/MIDI/plugin preset.,Never drag this TXT into a WAV/MIDI/Wavetable/VST/Voice slot.,,,,authored_workflow_recipe,ead3a0dd183104bb24bdbe39b39dfb28ee3c2fccac76373e6a42ec150a2ab662
R07,R07_Own_Voice_REAPER_Cleanup.txt,RECIPES/R07_Own_Voice_REAPER_Cleanup.txt,recipe,Vocals,"REAPER: полноценная 60-дневная оценочная версия; далее требуется подходящая лицензия, это не обещание вечной бесплатности. https://www.reaper.fm/download.php",,,,,,,,,Read recipe; apply in the specified UI. NOT importable as audio/MIDI/plugin preset.,Never drag this TXT into a WAV/MIDI/Wavetable/VST/Voice slot.,,,,authored_workflow_recipe,c7858b610bae8e8ca2a8cd523f4d93cad4aef01abf0dd534b49c82cc26ef3e32
R08,R08_Own_Voice_Delay_Throws.txt,RECIPES/R08_Own_Voice_Delay_Throws.txt,recipe,Vocals,"ЗАЧЕМ: редкое эхо на окончании строки, а не мутный vocal на всём треке.",,,,,,,,,Read recipe; apply in the specified UI. NOT importable as audio/MIDI/plugin preset.,Never drag this TXT into a WAV/MIDI/Wavetable/VST/Voice slot.,,,,authored_workflow_recipe,dc009bc192452aaf8aed0d4090c98eff4d7aab84b52c431e0ef818d057680de2
R09,R09_Aligned_Export_And_Check.txt,RECIPES/R09_Aligned_Export_And_Check.txt,recipe,Export,1. Отобрать и commit нужные takes.,,,,,,,,,Read recipe; apply in the specified UI. NOT importable as audio/MIDI/plugin preset.,Never drag this TXT into a WAV/MIDI/Wavetable/VST/Voice slot.,S01 | S02 | S03,,,authored_workflow_recipe,1b46693eb4a7ceeb6ad5f5d478c63d914abc425d67f4db9700a71f0bfa8c9315
R10,R10_GM_Drum_MIDI_Mapping.txt,RECIPES/R10_GM_Drum_MIDI_Mapping.txt,recipe,Drums,"M09, MIDI channel10: note36→D01, note38→D02, note42→D04.",,,,,,,,,Read recipe; apply in the specified UI. NOT importable as audio/MIDI/plugin preset.,Never drag this TXT into a WAV/MIDI/Wavetable/VST/Voice slot.,M09 | M10 | L01 | L02 | D01 | D02 | D04 | F01 | D10 | D09,,,authored_workflow_recipe,ed3c1219d933907f14ec3b6e27560e4bc41dc852976108f5c34c4cdbedb7c89c
S01,S01_ArtPop_Dm_96_4bars.wav,AUDIO/05_Scene_Sketches/S01_ArtPop_Dm_96_4bars.wav,scene,Scene,Инструментальный синтетический эскиз Dm96; место под собственный вокал. НЕ один stem.,96,D minor,4,,10.0,48000,24,2,Studio Audio track / local DAW Audio track,"Not a Wavetable preset, not a Voice profile. WAV on MIDI can trigger transcription.",L01 | L02 | L03 | L04 | L06,-9.0,-8.77,original_procedural_synthesis,81a61b45404d3e4609a205298d0a548c7fc60482e1f79882a05a5aedece363f1
S02,S02_IndiePulse_Em_102_4bars.wav,AUDIO/05_Scene_Sketches/S02_IndiePulse_Em_102_4bars.wav,scene,Scene,Синтетическая indie-подложка Em102. Щипковая партия не является живой гитарой.,102,E minor,4,,9.411771,48000,24,2,Studio Audio track / local DAW Audio track,"Not a Wavetable preset, not a Voice profile. WAV on MIDI can trigger transcription.",L08 | L09 | L10 | M09,-9.0,-8.98,original_procedural_synthesis,410b2cf83830c52fc7927c035d1d2e240d55eecd0b94976daba2e5195bd8d383
S03,S03_IndustrialGlass_Fsm_100_4bars.wav,AUDIO/05_Scene_Sketches/S03_IndustrialGlass_Fsm_100_4bars.wav,scene,Scene,"Контрастный industrial/glass-эскиз F#m100, без голоса. НЕ набор извлечённых стемов Suno.",100,F-sharp minor,4,,9.6,48000,24,2,Studio Audio track / local DAW Audio track,"Not a Wavetable preset, not a Voice profile. WAV on MIDI can trigger transcription.",L11 | L12 | M11 | F02 | F06,-9.0,-8.99,original_procedural_synthesis,44324a16a39992a407c037d9877202472e6a9e4b9a8aa8f01b7c0561a2c7a874
